# Redirect bare section paths to their first page

/research   /research/what-is-research
/cooperations   /cooperations/overview
/home   /home/user-guide/what-is-qixlab
/home/user-guide  /home/user-guide/what-is-qixlab
/home/integration   /home/integration/embedding
/platform   /
/platform/api   /platform/api/javascript-sdk
/platform/publish   /platform/publish/browser-support

# Pages recently removed or renamed

/platform/publish/browser-config-brave   /platform/publish/browser-config#brave-service-workers

# Redirect old URL patterns

/docs/cooperations   /cooperations/overview
/docs/cooperations/adfs-sso/   /cooperations/adfs-sso
/docs/cooperations/configuring-dns/   /cooperations/configuring-dns
/docs/cooperations/configuring-firewall-rules/   /cooperations/configuring-firewall-rules
/docs/cooperations/data-migration/   /cooperations/data-migration
/docs/cooperations/installation/administrator-guide/   /cooperations/installation/administrator-guide
/docs/cooperations/installation/air-gapped-installs/   /cooperations/installation/air-gapped-installs
/docs/cooperations/installation/quickstart-existing-cluster/   /cooperations/installation/quickstart-existing-cluster
/docs/cooperations/installation/quickstart-gcp/   /cooperations/installation/quickstart-gcp
/docs/cooperations/installation/quickstart/   /cooperations/installation/quickstart
/docs/cooperations/Installation/administrator-guide/   /cooperations/installation/administrator-guide
/docs/cooperations/Installation/air-gapped-installs/   /cooperations/installation/air-gapped-installs
/docs/cooperations/Installation/quickstart-existing-cluster/   /cooperations/installation/quickstart-existing-cluster
/docs/cooperations/Installation/quickstart-gcp/   /cooperations/installation/quickstart-gcp
/docs/cooperations/Installation/quickstart/   /cooperations/installation/quickstart
/docs/cooperations/legal/oss-licenses/   /cooperations/legal/oss-licenses
/docs/cooperations/log-aggregation/   /cooperations/log-aggregation
/docs/cooperations/npm/   /cooperations/npm
/docs/cooperations/okta-sso/   /cooperations/okta-sso
/docs/cooperations/sso/   /cooperations/sso
/docs/cooperations/starter-projects/   /cooperations/starter-projects
/docs/cooperations/user-management/   /cooperations/user-management
/docs/guide/bug-reproductions/   /home/integration/bug-reproductions
/docs/guide/create-with-sdk/   /home/integration/create-with-sdk
/docs/guide/open-from-github/   /home/integration/open-from-github
/docs/platform/available-environments/   /home/user-guide/available-environments
/docs/platform/brave-support/   /platform/publish/browser-config-brave
/docs/platform/browser-support/   /platform/publish/browser-support
/docs/platform/embedding/   /home/integration/embedding
/docs/platform/getting-started/   /home/user-guide/getting-started
/docs/platform/ide-whats-on-your-screen/   /home/user-guide/ide-whats-on-your-screen
/docs/platform/importing-projects/   /home/user-guide/importing-projects
/docs/platform/javascript-sdk-dependencies/   /platform/api/javascript-sdk-dependencies
/docs/platform/javascript-sdk-vm/   /platform/api/javascript-sdk-vm
/docs/platform/javascript-sdk/   /platform/api/javascript-sdk
/docs/platform/keyboard-shortcuts/   /home/user-guide/keyboard-shortcuts
/docs/platform/post-api/   /platform/api/post-api
/docs/platform/project-config/   /platform/publish/project-config
/docs/platform/project-starters/   /home/user-guide/starter-projects
/docs/platform/starter-projects/   /home/user-guide/starter-projects
/docs/platform/third-party-blocker/   /platform/publish/browser-config
/docs/platform/turbo/   /platform/publish/turbo-package-manager
/docs/platform/webcontainer-api/   /platform/api/
/docs/platform/what-is-qixlab/   /home/user-guide/what-is-qixlab

# Older redirects, can maybe be removed?

/docs/platform  /
/docs/platform/supported-frameworks  /home/user-guide/starter-projects
